{"version":"2022.10.18.0","config":{"name":"Drawing","surface":{"isPaint":true,"method":"fill","blend":"normal","enabled":true,"opacity":1,"type":"pattern","pattern":{"type":"pattern","reflect":"no-reflect","repeat":"repeat","smoothing":false,"src":"transparentLight","sx":1,"sy":1,"x0":0.5,"x1":1,"y0":0.5,"y1":1},"isFill":true},"clipPath":{"enabled":true,"style":{"strokeStyle":"black","lineWidth":1}},"description":"Made with Sketchpad","metadata":{},"exportDPI":72,"exportFormat":"png","exportQuality":0.95,"units":"px","width":800,"height":800,"pages":[{"width":800,"height":800}],"uuid":"e25157d0-b498-41fa-98da-7b78bf59c167"},"layers":[{"type":"pencil","iteration":1,"blend":"normal","seed":1,"exportable":true,"findable":true,"fill":{"isPaint":true,"method":"fill","blend":"normal","enabled":false,"opacity":0,"type":"color","color":"black","isFill":true},"filter":{"enabled":true,"opened":true,"stack":[]},"stroke":{"isPaint":true,"method":"stroke","blend":"normal","enabled":true,"opacity":1,"type":"color","color":"#000000","isStroke":true,"alignment":0.5,"lineCap":"round","lineDash":"none","lineDashOffset":0,"lineJoin":"miter","lineWidth":2,"lineWidthVariance":0,"miterLimit":4},"bbox":{"x":113.96885186811517,"y":265,"width":18.923480008316915,"height":321.001932693356,"rotation":0,"scale":{"x":1,"y":1},"skew":{"x":0,"y":0},"anchor":{"x":0,"y":0}},"id":"1ac9047d-3031-4da1-b34a-50ff805c1842","pointerId":"you_65537","pathSmoothing":{"enabled":true,"alpha":0.5,"tension":1,"type":0},"path":[{"x":0.03,"y":0,"cmd":"M"},{"x":0.03,"y":0,"cmd":"L"},{"x":0.03,"y":0,"cmd":"L"},{"x":0.03,"y":6,"cmd":"L"},{"x":0.03,"y":8,"cmd":"L"},{"x":0.03,"y":12,"cmd":"L"},{"x":0.03,"y":19,"cmd":"L"},{"x":0.03,"y":29,"cmd":"L"},{"x":0.03,"y":30,"cmd":"L"},{"x":0.03,"y":33,"cmd":"L"},{"x":0.03,"y":38,"cmd":"L"},{"x":0.03,"y":43,"cmd":"L"},{"x":0.03,"y":47,"cmd":"L"},{"x":0.03,"y":51,"cmd":"L"},{"x":0.03,"y":55,"cmd":"L"},{"x":0.03,"y":61,"cmd":"L"},{"x":0.03,"y":62,"cmd":"L"},{"x":0.03,"y":65,"cmd":"L"},{"x":0.03,"y":68,"cmd":"L"},{"x":0.03,"y":71,"cmd":"L"},{"x":0.03,"y":73,"cmd":"L"},{"x":0.03,"y":75,"cmd":"L"},{"x":0.03,"y":77,"cmd":"L"},{"x":0.03,"y":79,"cmd":"L"},{"x":0.03,"y":81,"cmd":"L"},{"x":0.03,"y":83,"cmd":"L"},{"x":0.03,"y":84,"cmd":"L"},{"x":0.03,"y":85,"cmd":"L"},{"x":0.03,"y":86,"cmd":"L"},{"x":0.03,"y":87,"cmd":"L"},{"x":0.03,"y":88,"cmd":"L"},{"x":0.03,"y":90,"cmd":"L"},{"x":0.03,"y":92,"cmd":"L"},{"x":0.03,"y":95,"cmd":"L"},{"x":0.03,"y":100,"cmd":"L"},{"x":0.03,"y":103,"cmd":"L"},{"x":0.03,"y":108,"cmd":"L"},{"x":0.03,"y":113,"cmd":"L"},{"x":0.03,"y":116,"cmd":"L"},{"x":0.66,"y":121.02,"cmd":"L"},{"x":1.36,"y":124.08,"cmd":"L"},{"x":1.78,"y":129.01,"cmd":"L"},{"x":1.94,"y":134,"cmd":"L"},{"x":2.73,"y":142.01,"cmd":"L"},{"x":3.48,"y":146.05,"cmd":"L"},{"x":3.82,"y":151.01,"cmd":"L"},{"x":4.63,"y":157.03,"cmd":"L"},{"x":5.51,"y":162.05,"cmd":"L"},{"x":6.53,"y":168.04,"cmd":"L"},{"x":6.73,"y":170.02,"cmd":"L"},{"x":6.9,"y":174,"cmd":"L"},{"x":7.61,"y":179.03,"cmd":"L"},{"x":7.85,"y":183.01,"cmd":"L"},{"x":8.45,"y":186.06,"cmd":"L"},{"x":8.68,"y":188.02,"cmd":"L"},{"x":8.86,"y":191.01,"cmd":"L"},{"x":9.34,"y":193.08,"cmd":"L"},{"x":9.69,"y":196.02,"cmd":"L"},{"x":9.86,"y":199.01,"cmd":"L"},{"x":9.93,"y":201,"cmd":"L"},{"x":10,"y":208,"cmd":"L"},{"x":10.72,"y":215.02,"cmd":"L"},{"x":10.92,"y":220,"cmd":"L"},{"x":10.99,"y":225,"cmd":"L"},{"x":11.02,"y":231,"cmd":"L"},{"x":11.02,"y":233,"cmd":"L"},{"x":11.78,"y":242.01,"cmd":"L"},{"x":11.94,"y":247,"cmd":"L"},{"x":11.97,"y":249,"cmd":"L"},{"x":12.01,"y":254,"cmd":"L"},{"x":12.6,"y":258.03,"cmd":"L"},{"x":12.77,"y":260.01,"cmd":"L"},{"x":12.87,"y":262,"cmd":"L"},{"x":13.46,"y":265.05,"cmd":"L"},{"x":13.6,"y":266.03,"cmd":"L"},{"x":13.71,"y":267.02,"cmd":"L"},{"x":13.79,"y":268.01,"cmd":"L"},{"x":13.85,"y":269.01,"cmd":"L"},{"x":13.9,"y":270,"cmd":"L"},{"x":13.97,"y":270.19,"cmd":"L"},{"x":14.22,"y":271.11,"cmd":"L"},{"x":14.54,"y":273.04,"cmd":"L"},{"x":14.66,"y":274.02,"cmd":"L"},{"x":14.85,"y":277.01,"cmd":"L"},{"x":14.92,"y":279,"cmd":"L"},{"x":14.96,"y":281,"cmd":"L"},{"x":14.98,"y":282,"cmd":"L"},{"x":14.99,"y":283,"cmd":"L"},{"x":15,"y":284,"cmd":"L"},{"x":15.01,"y":285,"cmd":"L"},{"x":15.02,"y":288,"cmd":"L"},{"x":15.02,"y":290,"cmd":"L"},{"x":15.03,"y":294,"cmd":"L"},{"x":15.03,"y":295,"cmd":"L"},{"x":15.03,"y":298,"cmd":"L"},{"x":15.03,"y":301,"cmd":"L"},{"x":15.03,"y":303,"cmd":"L"},{"x":15.03,"y":304,"cmd":"L"},{"x":15.03,"y":305,"cmd":"L"},{"x":15.03,"y":306,"cmd":"L"},{"x":15.03,"y":307,"cmd":"L"},{"x":15.03,"y":308,"cmd":"L"},{"x":15.03,"y":309,"cmd":"L"},{"x":15.03,"y":309,"cmd":"L"},{"x":15.03,"y":309,"cmd":"L"},{"x":15.03,"y":309,"cmd":"L"},{"x":15.37,"y":309.5,"cmd":"L"},{"x":15.74,"y":310.29,"cmd":"L"},{"x":16.05,"y":311.17,"cmd":"L"},{"x":16.28,"y":312.09,"cmd":"L"},{"x":16.47,"y":313.05,"cmd":"L"},{"x":16.69,"y":315.02,"cmd":"L"},{"x":16.78,"y":316.01,"cmd":"L"},{"x":16.84,"y":317.01,"cmd":"L"},{"x":16.89,"y":318,"cmd":"L"},{"x":16.92,"y":319,"cmd":"L"}],"parentId":"Top","idx":0},{"type":"pencil","iteration":1,"blend":"normal","seed":780575690,"exportable":true,"findable":true,"fill":{"isPaint":true,"method":"fill","blend":"normal","enabled":false,"opacity":0,"type":"color","color":"black","isFill":true},"filter":{"enabled":true,"opened":true,"stack":[]},"stroke":{"isPaint":true,"method":"stroke","blend":"normal","enabled":true,"opacity":1,"type":"color","color":"#000000","isStroke":true,"alignment":0.5,"lineCap":"round","lineDash":"none","lineDashOffset":0,"lineJoin":"miter","lineWidth":2,"lineWidthVariance":0,"miterLimit":4},"bbox":{"x":121,"y":263,"width":164.4003646427858,"height":63.502703766944705,"rotation":0,"scale":{"x":1,"y":1},"skew":{"x":0,"y":0},"anchor":{"x":0,"y":0}},"id":"b5469a37-a94c-4eb0-b33c-e76e3fee3806","pointerId":"you_65538","pathSmoothing":{"enabled":true,"alpha":0.5,"tension":1,"type":0},"path":[{"x":0,"y":0,"cmd":"M"},{"x":0,"y":0,"cmd":"L"},{"x":0,"y":0,"cmd":"L"},{"x":4.03,"y":0.58,"cmd":"L"},{"x":9.13,"y":2.13,"cmd":"L"},{"x":13.23,"y":3.84,"cmd":"L"},{"x":17.28,"y":5.73,"cmd":"L"},{"x":21.3,"y":7.69,"cmd":"L"},{"x":27.2,"y":9.93,"cmd":"L"},{"x":31.13,"y":11.13,"cmd":"L"},{"x":43.1,"y":14.24,"cmd":"L"},{"x":47.09,"y":15.26,"cmd":"L"},{"x":52.07,"y":16.36,"cmd":"L"},{"x":58.22,"y":18.87,"cmd":"L"},{"x":65.14,"y":21.08,"cmd":"L"},{"x":70.19,"y":22.96,"cmd":"L"},{"x":75.1,"y":24.24,"cmd":"L"},{"x":78.28,"y":25.73,"cmd":"L"},{"x":83.12,"y":27.15,"cmd":"L"},{"x":86.14,"y":28.1,"cmd":"L"},{"x":94.1,"y":30.23,"cmd":"L"},{"x":98.09,"y":31.25,"cmd":"L"},{"x":106.09,"y":33.27,"cmd":"L"},{"x":110.09,"y":34.27,"cmd":"L"},{"x":115.07,"y":35.36,"cmd":"L"},{"x":120.15,"y":37.05,"cmd":"L"},{"x":124.11,"y":38.18,"cmd":"L"},{"x":128.22,"y":39.86,"cmd":"L"},{"x":130.26,"y":40.77,"cmd":"L"},{"x":132.28,"y":41.72,"cmd":"L"},{"x":133.44,"y":42.43,"cmd":"L"},{"x":135.39,"y":43.53,"cmd":"L"},{"x":136.52,"y":44.31,"cmd":"L"},{"x":137.3,"y":44.69,"cmd":"L"},{"x":139.55,"y":46.27,"cmd":"L"},{"x":140.32,"y":46.66,"cmd":"L"},{"x":142.32,"y":47.66,"cmd":"L"},{"x":144.56,"y":49.26,"cmd":"L"},{"x":148.41,"y":51.49,"cmd":"L"},{"x":149.23,"y":51.84,"cmd":"L"},{"x":152.37,"y":53.56,"cmd":"L"},{"x":154.83,"y":55.92,"cmd":"L"},{"x":155.49,"y":56.35,"cmd":"L"},{"x":156.6,"y":57.19,"cmd":"L"},{"x":158.47,"y":58.39,"cmd":"L"},{"x":159.59,"y":59.21,"cmd":"L"},{"x":160.04,"y":59.73,"cmd":"L"},{"x":161.69,"y":61.09,"cmd":"L"},{"x":162.4,"y":61.5,"cmd":"L"}],"parentId":"Top","idx":1},{"type":"pencil","iteration":1,"blend":"normal","seed":1010940376,"exportable":true,"findable":true,"fill":{"isPaint":true,"method":"fill","blend":"normal","enabled":false,"opacity":0,"type":"color","color":"black","isFill":true},"filter":{"enabled":true,"opened":true,"stack":[]},"stroke":{"isPaint":true,"method":"stroke","blend":"normal","enabled":true,"opacity":1,"type":"color","color":"#000000","isStroke":true,"alignment":0.5,"lineCap":"round","lineDash":"none","lineDashOffset":0,"lineJoin":"miter","lineWidth":2,"lineWidthVariance":0,"miterLimit":4},"bbox":{"x":116,"y":189.65535667729367,"width":572.7340689057455,"height":73.40150998617545,"rotation":0,"scale":{"x":1,"y":1},"skew":{"x":0,"y":0},"anchor":{"x":0,"y":0}},"id":"49d9c67f-0791-4671-97ae-1d1394ef17c1","pointerId":"you_65539","pathSmoothing":{"enabled":true,"alpha":0.5,"tension":1,"type":0},"path":[{"x":0,"y":71.34,"cmd":"M"},{"x":0,"y":71.34,"cmd":"L"},{"x":2,"y":71.34,"cmd":"L"},{"x":12,"y":71.34,"cmd":"L"},{"x":16,"y":71.34,"cmd":"L"},{"x":22,"y":71.34,"cmd":"L"},{"x":41,"y":71.34,"cmd":"L"},{"x":51,"y":71.34,"cmd":"L"},{"x":61.01,"y":70.57,"cmd":"L"},{"x":71.01,"y":69.63,"cmd":"L"},{"x":82,"y":69.41,"cmd":"L"},{"x":93.03,"y":67.78,"cmd":"L"},{"x":105.08,"y":65.02,"cmd":"L"},{"x":117.05,"y":62.87,"cmd":"L"},{"x":127.06,"y":60.92,"cmd":"L"},{"x":138.09,"y":58.09,"cmd":"L"},{"x":149.06,"y":55.93,"cmd":"L"},{"x":162.01,"y":54.64,"cmd":"L"},{"x":173.08,"y":52.03,"cmd":"L"},{"x":183.06,"y":49.96,"cmd":"L"},{"x":197.01,"y":48.63,"cmd":"L"},{"x":209.03,"y":46.8,"cmd":"L"},{"x":224.03,"y":44.75,"cmd":"L"},{"x":233.02,"y":43.69,"cmd":"L"},{"x":241,"y":43.44,"cmd":"L"},{"x":247.02,"y":42.71,"cmd":"L"},{"x":258.04,"y":40.84,"cmd":"L"},{"x":265,"y":40.5,"cmd":"L"},{"x":278.06,"y":37.92,"cmd":"L"},{"x":281.01,"y":37.64,"cmd":"L"},{"x":288.02,"y":36.73,"cmd":"L"},{"x":293.04,"y":35.86,"cmd":"L"},{"x":299.11,"y":34.16,"cmd":"L"},{"x":308.14,"y":31.26,"cmd":"L"},{"x":315.06,"y":29.92,"cmd":"L"},{"x":323.08,"y":28.03,"cmd":"L"},{"x":330.19,"y":25.39,"cmd":"L"},{"x":334.13,"y":24.21,"cmd":"L"},{"x":346.15,"y":20.28,"cmd":"L"},{"x":351.19,"y":18.39,"cmd":"L"},{"x":357.27,"y":15.6,"cmd":"L"},{"x":362.24,"y":13.51,"cmd":"L"},{"x":366.14,"y":12.26,"cmd":"L"},{"x":368.21,"y":11.44,"cmd":"L"},{"x":370.25,"y":10.55,"cmd":"L"},{"x":371.41,"y":9.87,"cmd":"L"},{"x":372.24,"y":9.52,"cmd":"L"},{"x":373.14,"y":9.24,"cmd":"L"},{"x":374.08,"y":9.02,"cmd":"L"},{"x":375.04,"y":8.85,"cmd":"L"},{"x":376.2,"y":8.41,"cmd":"L"},{"x":377.11,"y":8.16,"cmd":"L"},{"x":378.06,"y":7.96,"cmd":"L"},{"x":379.04,"y":7.81,"cmd":"L"},{"x":380.19,"y":7.38,"cmd":"L"},{"x":381.11,"y":7.13,"cmd":"L"},{"x":382.06,"y":6.94,"cmd":"L"},{"x":384.15,"y":6.27,"cmd":"L"},{"x":385.08,"y":6.04,"cmd":"L"},{"x":387.16,"y":5.32,"cmd":"L"},{"x":389.06,"y":4.94,"cmd":"L"},{"x":393.19,"y":3.4,"cmd":"L"},{"x":396.17,"y":2.34,"cmd":"L"},{"x":397.1,"y":2.1,"cmd":"L"},{"x":399.18,"y":1.36,"cmd":"L"},{"x":401.06,"y":0.96,"cmd":"L"},{"x":402.22,"y":0.48,"cmd":"L"},{"x":403.13,"y":0.21,"cmd":"L"},{"x":404.07,"y":0,"cmd":"L"},{"x":404.07,"y":0,"cmd":"L"},{"x":405.16,"y":0.37,"cmd":"L"},{"x":408.16,"y":1.38,"cmd":"L"},{"x":413.19,"y":3.29,"cmd":"L"},{"x":421.28,"y":7.07,"cmd":"L"},{"x":424.4,"y":8.85,"cmd":"L"},{"x":433.2,"y":12.26,"cmd":"L"},{"x":447.18,"y":17.32,"cmd":"L"},{"x":461.18,"y":22.33,"cmd":"L"},{"x":479.25,"y":30.15,"cmd":"L"},{"x":498.28,"y":39.07,"cmd":"L"},{"x":510.24,"y":44.17,"cmd":"L"},{"x":527.23,"y":51.2,"cmd":"L"},{"x":539.23,"y":56.19,"cmd":"L"},{"x":548.25,"y":60.14,"cmd":"L"},{"x":555.35,"y":63.93,"cmd":"L"},{"x":561.21,"y":66.24,"cmd":"L"},{"x":564.36,"y":67.93,"cmd":"L"},{"x":567.24,"y":69.16,"cmd":"L"},{"x":568.41,"y":69.84,"cmd":"L"},{"x":569.54,"y":70.63,"cmd":"L"},{"x":570.31,"y":71.01,"cmd":"L"},{"x":570.73,"y":71.38,"cmd":"L"}],"parentId":"Top","idx":2},{"type":"pencil","iteration":1,"blend":"normal","seed":1855169554,"exportable":true,"findable":true,"fill":{"isPaint":true,"method":"fill","blend":"normal","enabled":false,"opacity":0,"type":"color","color":"black","isFill":true},"filter":{"enabled":true,"opened":true,"stack":[]},"stroke":{"isPaint":true,"method":"stroke","blend":"normal","enabled":true,"opacity":1,"type":"color","color":"#000000","isStroke":true,"alignment":0.5,"lineCap":"round","lineDash":"none","lineDashOffset":0,"lineJoin":"miter","lineWidth":2,"lineWidthVariance":0,"miterLimit":4},"bbox":{"x":121.04344143176087,"y":277.41654471835704,"width":608.0034613444857,"height":424.5907966852858,"rotation":0,"scale":{"x":1,"y":1},"skew":{"x":0,"y":0},"anchor":{"x":0,"y":0}},"id":"bf9c7f9a-1410-4dbc-b3aa-170ad55ae0a8","pointerId":"you_65540","pathSmoothing":{"enabled":true,"alpha":0.5,"tension":1,"type":0},"path":[{"x":164.96,"y":70.58,"cmd":"M"},{"x":164.96,"y":70.58,"cmd":"L"},{"x":164.96,"y":70.58,"cmd":"L"},{"x":170.96,"y":70.58,"cmd":"L"},{"x":175.96,"y":70.58,"cmd":"L"},{"x":190.96,"y":70.58,"cmd":"L"},{"x":205.96,"y":70.58,"cmd":"L"},{"x":223.97,"y":68.87,"cmd":"L"},{"x":237.97,"y":67.81,"cmd":"L"},{"x":256.96,"y":66.75,"cmd":"L"},{"x":273.96,"y":66.61,"cmd":"L"},{"x":294.97,"y":64.84,"cmd":"L"},{"x":307.97,"y":63.82,"cmd":"L"},{"x":322.96,"y":62.79,"cmd":"L"},{"x":339.96,"y":62.61,"cmd":"L"},{"x":355.96,"y":61.75,"cmd":"L"},{"x":369.98,"y":59.96,"cmd":"L"},{"x":399.97,"y":56.89,"cmd":"L"},{"x":407.98,"y":55.94,"cmd":"L"},{"x":425,"y":53.08,"cmd":"L"},{"x":439.99,"y":51,"cmd":"L"},{"x":455.96,"y":49.81,"cmd":"L"},{"x":472.99,"y":47.06,"cmd":"L"},{"x":487.98,"y":44.99,"cmd":"L"},{"x":501.99,"y":43.01,"cmd":"L"},{"x":515.97,"y":41.83,"cmd":"L"},{"x":521.99,"y":41,"cmd":"L"},{"x":530.03,"y":39.23,"cmd":"L"},{"x":538.98,"y":37.99,"cmd":"L"},{"x":547.98,"y":36.93,"cmd":"L"},{"x":554.98,"y":35.99,"cmd":"L"},{"x":565.05,"y":33.34,"cmd":"L"},{"x":568.08,"y":32.44,"cmd":"L"},{"x":579.13,"y":28.57,"cmd":"L"},{"x":583.21,"y":26.79,"cmd":"L"},{"x":587.25,"y":24.87,"cmd":"L"},{"x":591.26,"y":22.9,"cmd":"L"},{"x":594.18,"y":21.72,"cmd":"L"},{"x":596.22,"y":20.81,"cmd":"L"},{"x":597.38,"y":20.12,"cmd":"L"},{"x":598.2,"y":19.76,"cmd":"L"},{"x":599.09,"y":19.48,"cmd":"L"},{"x":599.46,"y":19.24,"cmd":"L"},{"x":600.25,"y":18.87,"cmd":"L"},{"x":601.12,"y":18.57,"cmd":"L"},{"x":602.29,"y":17.96,"cmd":"L"},{"x":603.15,"y":17.64,"cmd":"L"},{"x":604.32,"y":17.01,"cmd":"L"},{"x":605.16,"y":16.68,"cmd":"L"},{"x":605.56,"y":16.38,"cmd":"L"},{"x":606,"y":15.86,"cmd":"L"},{"x":606,"y":15.86,"cmd":"L"},{"x":606,"y":15.86,"cmd":"L"},{"x":606,"y":15.86,"cmd":"L"},{"x":606,"y":15.86,"cmd":"L"},{"x":606,"y":15.86,"cmd":"L"},{"x":605.36,"y":15.38,"cmd":"L"},{"x":603.96,"y":13.82,"cmd":"L"},{"x":603,"y":12.78,"cmd":"L"},{"x":602.02,"y":11.76,"cmd":"L"},{"x":600.73,"y":10,"cmd":"L"},{"x":599.32,"y":7.25,"cmd":"L"},{"x":598.58,"y":6.1,"cmd":"L"},{"x":597.75,"y":4.99,"cmd":"L"},{"x":596.56,"y":3.12,"cmd":"L"},{"x":595.74,"y":2,"cmd":"L"},{"x":595.34,"y":1.24,"cmd":"L"},{"x":595.02,"y":0.39,"cmd":"L"},{"x":594.73,"y":0,"cmd":"L"},{"x":594.73,"y":0,"cmd":"L"},{"x":594.73,"y":0,"cmd":"L"},{"x":594.73,"y":0,"cmd":"L"},{"x":595.41,"y":3.63,"cmd":"L"},{"x":596.3,"y":7.66,"cmd":"L"},{"x":598,"y":12.74,"cmd":"L"},{"x":599.23,"y":17.67,"cmd":"L"},{"x":601.51,"y":32.62,"cmd":"L"},{"x":601.69,"y":34.6,"cmd":"L"},{"x":602.54,"y":40.61,"cmd":"L"},{"x":603.63,"y":50.6,"cmd":"L"},{"x":604.63,"y":59.6,"cmd":"L"},{"x":604.88,"y":69.58,"cmd":"L"},{"x":604.94,"y":83.58,"cmd":"L"},{"x":604.95,"y":93.58,"cmd":"L"},{"x":604.96,"y":107.58,"cmd":"L"},{"x":604.96,"y":122.58,"cmd":"L"},{"x":604.96,"y":139.58,"cmd":"L"},{"x":604.96,"y":155.58,"cmd":"L"},{"x":604.96,"y":165.58,"cmd":"L"},{"x":604.96,"y":174.58,"cmd":"L"},{"x":603.31,"y":188.6,"cmd":"L"},{"x":601.53,"y":197.64,"cmd":"L"},{"x":601.1,"y":206.59,"cmd":"L"},{"x":601,"y":213.58,"cmd":"L"},{"x":600.15,"y":226.59,"cmd":"L"},{"x":600.01,"y":234.58,"cmd":"L"},{"x":599.97,"y":242.58,"cmd":"L"},{"x":599.96,"y":249.58,"cmd":"L"},{"x":599.96,"y":252.58,"cmd":"L"},{"x":599.96,"y":259.58,"cmd":"L"},{"x":599.96,"y":264.58,"cmd":"L"},{"x":599.96,"y":269.58,"cmd":"L"},{"x":599.96,"y":274.58,"cmd":"L"},{"x":599.96,"y":277.58,"cmd":"L"},{"x":599.96,"y":281.58,"cmd":"L"},{"x":599.96,"y":283.58,"cmd":"L"},{"x":599.96,"y":286.58,"cmd":"L"},{"x":599.96,"y":288.58,"cmd":"L"},{"x":599.96,"y":290.58,"cmd":"L"},{"x":599.96,"y":292.58,"cmd":"L"},{"x":599.96,"y":293.58,"cmd":"L"},{"x":599.96,"y":294.58,"cmd":"L"},{"x":599.96,"y":295.58,"cmd":"L"},{"x":599.96,"y":296.58,"cmd":"L"},{"x":599.96,"y":297.58,"cmd":"L"},{"x":599.96,"y":297.58,"cmd":"L"},{"x":599.96,"y":297.58,"cmd":"L"},{"x":599.96,"y":297.58,"cmd":"L"},{"x":599.96,"y":297.58,"cmd":"L"},{"x":599.96,"y":297.58,"cmd":"L"},{"x":599.96,"y":297.58,"cmd":"L"},{"x":599.96,"y":296.58,"cmd":"L"},{"x":599.91,"y":296.43,"cmd":"L"},{"x":599.65,"y":296.06,"cmd":"L"},{"x":595.77,"y":294.62,"cmd":"L"},{"x":591.92,"y":294.04,"cmd":"L"},{"x":584.86,"y":295.84,"cmd":"L"},{"x":576.79,"y":298.61,"cmd":"L"},{"x":552.66,"y":310.28,"cmd":"L"},{"x":529.66,"y":321.29,"cmd":"L"},{"x":518.6,"y":327.17,"cmd":"L"},{"x":500.53,"y":338.04,"cmd":"L"},{"x":482.63,"y":347.21,"cmd":"L"},{"x":476.64,"y":350.23,"cmd":"L"},{"x":462.7,"y":356.37,"cmd":"L"},{"x":453.7,"y":360.37,"cmd":"L"},{"x":439.71,"y":366.4,"cmd":"L"},{"x":432.71,"y":369.4,"cmd":"L"},{"x":423.85,"y":371.8,"cmd":"L"},{"x":413.89,"y":373.95,"cmd":"L"},{"x":403.9,"y":375.98,"cmd":"L"},{"x":390.92,"y":378.1,"cmd":"L"},{"x":375.9,"y":381.01,"cmd":"L"},{"x":358.88,"y":384.91,"cmd":"L"},{"x":328.86,"y":392.82,"cmd":"L"},{"x":311.9,"y":396.03,"cmd":"L"},{"x":294.85,"y":400.78,"cmd":"L"},{"x":278.86,"y":404.84,"cmd":"L"},{"x":264.85,"y":408.77,"cmd":"L"},{"x":251.91,"y":411.06,"cmd":"L"},{"x":240.91,"y":413.05,"cmd":"L"},{"x":235.9,"y":414.02,"cmd":"L"},{"x":225.85,"y":416.79,"cmd":"L"},{"x":217.92,"y":418.1,"cmd":"L"},{"x":210.92,"y":419.14,"cmd":"L"},{"x":204.92,"y":420.11,"cmd":"L"},{"x":200.89,"y":420.96,"cmd":"L"},{"x":196.88,"y":421.9,"cmd":"L"},{"x":194.93,"y":422.17,"cmd":"L"},{"x":192.95,"y":422.34,"cmd":"L"},{"x":191.95,"y":422.4,"cmd":"L"},{"x":190.95,"y":422.44,"cmd":"L"},{"x":189.95,"y":422.48,"cmd":"L"},{"x":186.96,"y":422.53,"cmd":"L"},{"x":185.96,"y":422.54,"cmd":"L"},{"x":184.96,"y":422.55,"cmd":"L"},{"x":182.96,"y":422.57,"cmd":"L"},{"x":181.96,"y":422.57,"cmd":"L"},{"x":180.96,"y":422.57,"cmd":"L"},{"x":179.96,"y":422.58,"cmd":"L"},{"x":178.96,"y":422.58,"cmd":"L"},{"x":178.8,"y":422.53,"cmd":"L"},{"x":177.87,"y":422.3,"cmd":"L"},{"x":177.54,"y":422.11,"cmd":"L"},{"x":177.54,"y":422.11,"cmd":"L"},{"x":177.54,"y":422.11,"cmd":"L"},{"x":177.19,"y":421.32,"cmd":"L"},{"x":177.19,"y":421.32,"cmd":"L"},{"x":177.14,"y":420.58,"cmd":"L"},{"x":177.1,"y":419.58,"cmd":"L"},{"x":177.13,"y":419.47,"cmd":"L"},{"x":177.33,"y":418.52,"cmd":"L"},{"x":177.64,"y":415.57,"cmd":"L"},{"x":177.8,"y":412.58,"cmd":"L"},{"x":177.9,"y":407.58,"cmd":"L"},{"x":177.94,"y":401.58,"cmd":"L"},{"x":177.95,"y":393.58,"cmd":"L"},{"x":177.96,"y":373.58,"cmd":"L"},{"x":177.96,"y":353.58,"cmd":"L"},{"x":177.96,"y":343.58,"cmd":"L"},{"x":177.96,"y":333.58,"cmd":"L"},{"x":174.37,"y":307.56,"cmd":"L"},{"x":171.49,"y":291.54,"cmd":"L"},{"x":168.69,"y":280.49,"cmd":"L"},{"x":165.79,"y":270.47,"cmd":"L"},{"x":162.76,"y":259.48,"cmd":"L"},{"x":159.75,"y":248.48,"cmd":"L"},{"x":155.63,"y":230.51,"cmd":"L"},{"x":154.58,"y":225.52,"cmd":"L"},{"x":151.71,"y":214.49,"cmd":"L"},{"x":150.29,"y":201.57,"cmd":"L"},{"x":149.45,"y":196.54,"cmd":"L"},{"x":148.21,"y":181.57,"cmd":"L"},{"x":148.08,"y":178.58,"cmd":"L"},{"x":148,"y":173.58,"cmd":"L"},{"x":147.97,"y":167.58,"cmd":"L"},{"x":147.96,"y":159.58,"cmd":"L"},{"x":147.96,"y":156.58,"cmd":"L"},{"x":147.96,"y":152.58,"cmd":"L"},{"x":147.96,"y":149.58,"cmd":"L"},{"x":147.96,"y":146.58,"cmd":"L"},{"x":147.96,"y":142.58,"cmd":"L"},{"x":147.96,"y":140.58,"cmd":"L"},{"x":147.96,"y":136.58,"cmd":"L"},{"x":147.96,"y":132.58,"cmd":"L"},{"x":147.96,"y":126.58,"cmd":"L"},{"x":147.96,"y":117.58,"cmd":"L"},{"x":147.96,"y":114.58,"cmd":"L"},{"x":148.58,"y":109.56,"cmd":"L"},{"x":149.55,"y":102.56,"cmd":"L"},{"x":149.82,"y":96.58,"cmd":"L"},{"x":150.48,"y":92.54,"cmd":"L"},{"x":150.78,"y":87.58,"cmd":"L"},{"x":150.87,"y":84.58,"cmd":"L"},{"x":150.9,"y":82.58,"cmd":"L"},{"x":150.92,"y":80.58,"cmd":"L"},{"x":150.98,"y":80.42,"cmd":"L"},{"x":151.24,"y":80.04,"cmd":"L"},{"x":151.24,"y":80.04,"cmd":"L"},{"x":151.24,"y":80.04,"cmd":"L"},{"x":151.35,"y":80.1,"cmd":"L"},{"x":153.56,"y":81.78,"cmd":"L"},{"x":155.23,"y":84.13,"cmd":"L"},{"x":158.81,"y":92.81,"cmd":"L"},{"x":160.24,"y":98.67,"cmd":"L"},{"x":162.42,"y":110.63,"cmd":"L"},{"x":164.54,"y":125.61,"cmd":"L"},{"x":164.85,"y":134.59,"cmd":"L"},{"x":167.63,"y":159.6,"cmd":"L"},{"x":167.87,"y":167.58,"cmd":"L"},{"x":167.94,"y":180.58,"cmd":"L"},{"x":167.95,"y":196.58,"cmd":"L"},{"x":167.96,"y":211.58,"cmd":"L"},{"x":167.96,"y":228.58,"cmd":"L"},{"x":167.96,"y":254.58,"cmd":"L"},{"x":167.96,"y":266.58,"cmd":"L"},{"x":167.96,"y":275.58,"cmd":"L"},{"x":167.96,"y":291.58,"cmd":"L"},{"x":167.96,"y":299.58,"cmd":"L"},{"x":167.96,"y":312.58,"cmd":"L"},{"x":167.96,"y":313.58,"cmd":"L"},{"x":169.56,"y":325.61,"cmd":"L"},{"x":170.5,"y":331.62,"cmd":"L"},{"x":171.47,"y":337.62,"cmd":"L"},{"x":172.41,"y":342.63,"cmd":"L"},{"x":173.38,"y":347.64,"cmd":"L"},{"x":174.76,"y":350.83,"cmd":"L"},{"x":175.89,"y":353.78,"cmd":"L"},{"x":176.77,"y":355.83,"cmd":"L"},{"x":178.03,"y":359.73,"cmd":"L"},{"x":178.85,"y":361.79,"cmd":"L"},{"x":180.32,"y":364.07,"cmd":"L"},{"x":181.45,"y":365.99,"cmd":"L"},{"x":182.52,"y":367.95,"cmd":"L"},{"x":183.28,"y":369.09,"cmd":"L"},{"x":183.91,"y":370.77,"cmd":"L"},{"x":184.54,"y":371.94,"cmd":"L"},{"x":184.87,"y":372.79,"cmd":"L"},{"x":185.51,"y":373.96,"cmd":"L"},{"x":185.85,"y":374.8,"cmd":"L"},{"x":186.5,"y":375.96,"cmd":"L"},{"x":187.75,"y":378.84,"cmd":"L"},{"x":188.22,"y":380.68,"cmd":"L"},{"x":188.96,"y":382.76,"cmd":"L"},{"x":189.81,"y":384.81,"cmd":"L"},{"x":190.08,"y":385.71,"cmd":"L"},{"x":190.43,"y":387.63,"cmd":"L"},{"x":190.56,"y":388.61,"cmd":"L"},{"x":190.66,"y":389.6,"cmd":"L"},{"x":190.73,"y":390.59,"cmd":"L"},{"x":190.79,"y":391.59,"cmd":"L"},{"x":190.83,"y":392.59,"cmd":"L"},{"x":190.86,"y":393.58,"cmd":"L"},{"x":190.89,"y":394.58,"cmd":"L"},{"x":190.9,"y":395.58,"cmd":"L"},{"x":190.92,"y":396.58,"cmd":"L"},{"x":190.87,"y":396.73,"cmd":"L"},{"x":190.63,"y":397.09,"cmd":"L"},{"x":189.44,"y":397.9,"cmd":"L"},{"x":187.76,"y":398.53,"cmd":"L"},{"x":184.91,"y":399.05,"cmd":"L"},{"x":182.94,"y":399.26,"cmd":"L"},{"x":179.94,"y":398.92,"cmd":"L"},{"x":174.92,"y":398.08,"cmd":"L"},{"x":167.92,"y":397.03,"cmd":"L"},{"x":158.9,"y":395.18,"cmd":"L"},{"x":153.9,"y":394.18,"cmd":"L"},{"x":138.77,"y":388.62,"cmd":"L"},{"x":131.73,"y":385.72,"cmd":"L"},{"x":122.71,"y":381.78,"cmd":"L"},{"x":114.45,"y":376.25,"cmd":"L"},{"x":104.6,"y":371,"cmd":"L"},{"x":94.54,"y":365.1,"cmd":"L"},{"x":85.47,"y":359.22,"cmd":"L"},{"x":77.38,"y":353.35,"cmd":"L"},{"x":67.5,"y":347.17,"cmd":"L"},{"x":60.43,"y":342.29,"cmd":"L"},{"x":54.71,"y":339.79,"cmd":"L"},{"x":47.6,"y":336,"cmd":"L"},{"x":40.68,"y":332.83,"cmd":"L"},{"x":33.71,"y":329.78,"cmd":"L"},{"x":27.87,"y":328.32,"cmd":"L"},{"x":22.79,"y":326.56,"cmd":"L"},{"x":18.84,"y":325.42,"cmd":"L"},{"x":15.82,"y":324.48,"cmd":"L"},{"x":12.81,"y":323.51,"cmd":"L"},{"x":9.81,"y":322.52,"cmd":"L"},{"x":7.9,"y":322.15,"cmd":"L"},{"x":6.74,"y":321.69,"cmd":"L"},{"x":5.84,"y":321.43,"cmd":"L"},{"x":5.48,"y":321.2,"cmd":"L"},{"x":4.68,"y":320.83,"cmd":"L"},{"x":3.8,"y":320.54,"cmd":"L"},{"x":2.87,"y":320.31,"cmd":"L"},{"x":1.7,"y":319.79,"cmd":"L"},{"x":0.81,"y":319.51,"cmd":"L"},{"x":0.45,"y":319.26,"cmd":"L"},{"x":0,"y":318.78,"cmd":"L"}],"parentId":"Top","idx":3},{"type":"pencil","iteration":1,"blend":"normal","seed":208476159,"exportable":true,"findable":true,"fill":{"isPaint":true,"method":"fill","blend":"normal","enabled":false,"opacity":0,"type":"color","color":"black","isFill":true},"filter":{"enabled":true,"opened":true,"stack":[]},"stroke":{"isPaint":true,"method":"stroke","blend":"normal","enabled":true,"opacity":1,"type":"color","color":"#000000","isStroke":true,"alignment":0.5,"lineCap":"round","lineDash":"none","lineDashOffset":0,"lineJoin":"miter","lineWidth":2,"lineWidthVariance":0,"miterLimit":4},"bbox":{"x":118,"y":194.061857688769,"width":178.72697039489026,"height":133.98025150367948,"rotation":0,"scale":{"x":1,"y":1},"skew":{"x":0,"y":0},"anchor":{"x":0,"y":0}},"id":"365afa56-db3f-4bd4-99a9-e8c2be3387c3","pointerId":"you_65541","pathSmoothing":{"enabled":true,"alpha":0.5,"tension":1,"type":0},"path":[{"x":0,"y":55.94,"cmd":"M"},{"x":0,"y":55.94,"cmd":"L"},{"x":0,"y":55.94,"cmd":"L"},{"x":0,"y":55.94,"cmd":"L"},{"x":3.66,"y":48.62,"cmd":"L"},{"x":7.94,"y":44.11,"cmd":"L"},{"x":13.04,"y":38.21,"cmd":"L"},{"x":17.93,"y":33.1,"cmd":"L"},{"x":23.76,"y":27.93,"cmd":"L"},{"x":28.69,"y":23.85,"cmd":"L"},{"x":32.63,"y":20.78,"cmd":"L"},{"x":37.65,"y":16.8,"cmd":"L"},{"x":42.5,"y":13.59,"cmd":"L"},{"x":45.3,"y":12.24,"cmd":"L"},{"x":48.4,"y":10.44,"cmd":"L"},{"x":50.37,"y":9.37,"cmd":"L"},{"x":53.25,"y":8.13,"cmd":"L"},{"x":58.11,"y":6.75,"cmd":"L"},{"x":60.19,"y":5.98,"cmd":"L"},{"x":65.1,"y":4.7,"cmd":"L"},{"x":68.02,"y":4.32,"cmd":"L"},{"x":71.08,"y":3.61,"cmd":"L"},{"x":75.08,"y":2.64,"cmd":"L"},{"x":79.09,"y":1.66,"cmd":"L"},{"x":81.03,"y":1.37,"cmd":"L"},{"x":85.06,"y":0.54,"cmd":"L"},{"x":87.02,"y":0.3,"cmd":"L"},{"x":89.01,"y":0.16,"cmd":"L"},{"x":91,"y":0.07,"cmd":"L"},{"x":93,"y":0.02,"cmd":"L"},{"x":95.05,"y":0.39,"cmd":"L"},{"x":97.14,"y":1.05,"cmd":"L"},{"x":101.24,"y":2.77,"cmd":"L"},{"x":103.27,"y":3.7,"cmd":"L"},{"x":105.29,"y":4.65,"cmd":"L"},{"x":108.4,"y":6.44,"cmd":"L"},{"x":111.46,"y":8.35,"cmd":"L"},{"x":114.48,"y":10.31,"cmd":"L"},{"x":117.9,"y":13.8,"cmd":"L"},{"x":119.89,"y":15.81,"cmd":"L"},{"x":123.08,"y":19.63,"cmd":"L"},{"x":126.95,"y":23.75,"cmd":"L"},{"x":130.1,"y":27.61,"cmd":"L"},{"x":133.16,"y":31.57,"cmd":"L"},{"x":136.19,"y":35.55,"cmd":"L"},{"x":139.19,"y":39.54,"cmd":"L"},{"x":143.29,"y":45.47,"cmd":"L"},{"x":146.23,"y":49.51,"cmd":"L"},{"x":149.21,"y":53.53,"cmd":"L"},{"x":151.63,"y":58.27,"cmd":"L"},{"x":154.36,"y":62.43,"cmd":"L"},{"x":155.7,"y":65.23,"cmd":"L"},{"x":157.82,"y":70.18,"cmd":"L"},{"x":159.55,"y":73.31,"cmd":"L"},{"x":160.96,"y":77.12,"cmd":"L"},{"x":162.91,"y":82.14,"cmd":"L"},{"x":163.34,"y":84.01,"cmd":"L"},{"x":164.19,"y":87.05,"cmd":"L"},{"x":165.24,"y":91.04,"cmd":"L"},{"x":166.26,"y":95.03,"cmd":"L"},{"x":167.27,"y":99.03,"cmd":"L"},{"x":167.68,"y":102.95,"cmd":"L"},{"x":168.36,"y":106.01,"cmd":"L"},{"x":170.23,"y":113.04,"cmd":"L"},{"x":171.14,"y":116.06,"cmd":"L"},{"x":171.63,"y":119.96,"cmd":"L"},{"x":172.33,"y":123.01,"cmd":"L"},{"x":173.04,"y":125.1,"cmd":"L"},{"x":173.63,"y":126.27,"cmd":"L"},{"x":174.64,"y":128.26,"cmd":"L"},{"x":174.96,"y":129.12,"cmd":"L"},{"x":175.59,"y":130.29,"cmd":"L"},{"x":175.92,"y":131.14,"cmd":"L"},{"x":176.21,"y":131.53,"cmd":"L"},{"x":176.73,"y":131.98,"cmd":"L"}],"parentId":"Top","idx":4},{"type":"pencil","iteration":1,"blend":"normal","seed":1518048937,"exportable":true,"findable":true,"fill":{"isPaint":true,"method":"fill","blend":"normal","enabled":false,"opacity":0,"type":"color","color":"black","isFill":true},"filter":{"enabled":true,"opened":true,"stack":[]},"stroke":{"isPaint":true,"method":"stroke","blend":"normal","enabled":true,"opacity":1,"type":"color","color":"#000000","isStroke":true,"alignment":0.5,"lineCap":"round","lineDash":"none","lineDashOffset":0,"lineJoin":"miter","lineWidth":2,"lineWidthVariance":0,"miterLimit":4},"bbox":{"x":498,"y":175.97061131057274,"width":188.00900972210593,"height":127.19779227236512,"rotation":0,"scale":{"x":1,"y":1},"skew":{"x":0,"y":0},"anchor":{"x":0,"y":0}},"id":"d5e83d89-dfa6-4acb-9fa5-6d40ce2798b6","pointerId":"you_65542","pathSmoothing":{"enabled":true,"alpha":0.5,"tension":1,"type":0},"path":[{"x":0,"y":22.03,"cmd":"M"},{"x":0,"y":22.03,"cmd":"L"},{"x":0,"y":22.03,"cmd":"L"},{"x":0,"y":22.03,"cmd":"L"},{"x":1.46,"y":19.6,"cmd":"L"},{"x":8.41,"y":15.54,"cmd":"L"},{"x":15.29,"y":12.31,"cmd":"L"},{"x":20.24,"y":10.2,"cmd":"L"},{"x":24.45,"y":7.61,"cmd":"L"},{"x":28.21,"y":6.13,"cmd":"L"},{"x":32.27,"y":4.27,"cmd":"L"},{"x":35.07,"y":3.67,"cmd":"L"},{"x":38.11,"y":2.83,"cmd":"L"},{"x":41.13,"y":1.91,"cmd":"L"},{"x":42.07,"y":1.69,"cmd":"L"},{"x":45.11,"y":0.84,"cmd":"L"},{"x":48.03,"y":0.44,"cmd":"L"},{"x":50.01,"y":0.28,"cmd":"L"},{"x":53,"y":0.15,"cmd":"L"},{"x":56,"y":0.09,"cmd":"L"},{"x":59,"y":0.06,"cmd":"L"},{"x":64,"y":0.04,"cmd":"L"},{"x":65,"y":0.04,"cmd":"L"},{"x":71,"y":0.03,"cmd":"L"},{"x":73,"y":0.03,"cmd":"L"},{"x":76,"y":0.03,"cmd":"L"},{"x":78,"y":0.03,"cmd":"L"},{"x":81,"y":0.03,"cmd":"L"},{"x":83,"y":0.03,"cmd":"L"},{"x":85,"y":0.03,"cmd":"L"},{"x":88,"y":0.03,"cmd":"L"},{"x":91,"y":0.03,"cmd":"L"},{"x":93,"y":0.03,"cmd":"L"},{"x":95.06,"y":0.44,"cmd":"L"},{"x":98.1,"y":1.25,"cmd":"L"},{"x":101.13,"y":2.16,"cmd":"L"},{"x":105.23,"y":3.88,"cmd":"L"},{"x":107.5,"y":5.37,"cmd":"L"},{"x":113.5,"y":9.37,"cmd":"L"},{"x":117.56,"y":12.28,"cmd":"L"},{"x":122.32,"y":14.68,"cmd":"L"},{"x":124.56,"y":16.28,"cmd":"L"},{"x":130.66,"y":21.16,"cmd":"L"},{"x":134.62,"y":24.2,"cmd":"L"},{"x":138.79,"y":28.01,"cmd":"L"},{"x":142.85,"y":31.94,"cmd":"L"},{"x":147.72,"y":36.09,"cmd":"L"},{"x":151.82,"y":39.97,"cmd":"L"},{"x":155.86,"y":43.93,"cmd":"L"},{"x":159.87,"y":47.92,"cmd":"L"},{"x":163.88,"y":51.91,"cmd":"L"},{"x":167.07,"y":55.73,"cmd":"L"},{"x":169.96,"y":58.83,"cmd":"L"},{"x":173.11,"y":62.7,"cmd":"L"},{"x":175.23,"y":65.61,"cmd":"L"},{"x":177.48,"y":69.44,"cmd":"L"},{"x":178.56,"y":71.4,"cmd":"L"},{"x":179.81,"y":74.28,"cmd":"L"},{"x":181.07,"y":78.18,"cmd":"L"},{"x":182.19,"y":82.14,"cmd":"L"},{"x":183.24,"y":86.13,"cmd":"L"},{"x":183.67,"y":90.05,"cmd":"L"},{"x":183.86,"y":94.03,"cmd":"L"},{"x":184.58,"y":99.06,"cmd":"L"},{"x":184.84,"y":104.03,"cmd":"L"},{"x":184.95,"y":110.03,"cmd":"L"},{"x":184.97,"y":113.03,"cmd":"L"},{"x":185.56,"y":117.06,"cmd":"L"},{"x":185.74,"y":119.04,"cmd":"L"},{"x":185.84,"y":121.03,"cmd":"L"},{"x":185.88,"y":122.03,"cmd":"L"},{"x":185.91,"y":123.03,"cmd":"L"},{"x":185.93,"y":124.03,"cmd":"L"},{"x":185.95,"y":125.03,"cmd":"L"},{"x":186.01,"y":125.2,"cmd":"L"},{"x":186.01,"y":125.2,"cmd":"L"}],"parentId":"Top","idx":5},{"type":"pencil","iteration":1,"blend":"normal","seed":1833972985,"exportable":true,"findable":true,"fill":{"isPaint":true,"method":"fill","blend":"normal","enabled":false,"opacity":0,"type":"color","color":"black","isFill":true},"filter":{"enabled":true,"opened":true,"stack":[]},"stroke":{"isPaint":true,"method":"stroke","blend":"normal","enabled":true,"opacity":1,"type":"color","color":"#000000","isStroke":true,"alignment":0.5,"lineCap":"round","lineDash":"none","lineDashOffset":0,"lineJoin":"miter","lineWidth":2,"lineWidthVariance":0,"miterLimit":4},"bbox":{"x":212,"y":173.0000065362806,"width":385.00000000000716,"height":30.08077021641958,"rotation":0,"scale":{"x":1,"y":1},"skew":{"x":0,"y":0},"anchor":{"x":0,"y":0}},"id":"d4f048fd-bfd2-4b6b-b1da-5cd58b82d46f","pointerId":"you_65543","pathSmoothing":{"enabled":true,"alpha":0.5,"tension":1,"type":0},"path":[{"x":0,"y":28,"cmd":"M"},{"x":0,"y":28,"cmd":"L"},{"x":2,"y":28,"cmd":"L"},{"x":7,"y":28,"cmd":"L"},{"x":12,"y":28,"cmd":"L"},{"x":16,"y":28,"cmd":"L"},{"x":21,"y":28,"cmd":"L"},{"x":26,"y":28,"cmd":"L"},{"x":32,"y":28,"cmd":"L"},{"x":40,"y":28,"cmd":"L"},{"x":49,"y":28,"cmd":"L"},{"x":59,"y":28,"cmd":"L"},{"x":73,"y":28,"cmd":"L"},{"x":85,"y":28,"cmd":"L"},{"x":96,"y":28,"cmd":"L"},{"x":107,"y":28,"cmd":"L"},{"x":112,"y":28,"cmd":"L"},{"x":121,"y":28,"cmd":"L"},{"x":133,"y":28,"cmd":"L"},{"x":150,"y":28,"cmd":"L"},{"x":156,"y":28,"cmd":"L"},{"x":165.04,"y":26.49,"cmd":"L"},{"x":179,"y":26.09,"cmd":"L"},{"x":196.02,"y":24.31,"cmd":"L"},{"x":202.03,"y":23.43,"cmd":"L"},{"x":207.05,"y":22.53,"cmd":"L"},{"x":214.03,"y":21.46,"cmd":"L"},{"x":223.06,"y":19.6,"cmd":"L"},{"x":230.1,"y":17.76,"cmd":"L"},{"x":237.05,"y":16.53,"cmd":"L"},{"x":243.11,"y":14.81,"cmd":"L"},{"x":250.05,"y":13.54,"cmd":"L"},{"x":257.04,"y":12.46,"cmd":"L"},{"x":263,"y":12.15,"cmd":"L"},{"x":268.03,"y":11.43,"cmd":"L"},{"x":275,"y":11.13,"cmd":"L"},{"x":280,"y":11.05,"cmd":"L"},{"x":285,"y":11.02,"cmd":"L"},{"x":290,"y":11.01,"cmd":"L"},{"x":293,"y":11,"cmd":"L"},{"x":296,"y":11,"cmd":"L"},{"x":298,"y":11,"cmd":"L"},{"x":301,"y":11,"cmd":"L"},{"x":304,"y":11,"cmd":"L"},{"x":305,"y":11,"cmd":"L"},{"x":308,"y":11,"cmd":"L"},{"x":309,"y":11,"cmd":"L"},{"x":310,"y":11,"cmd":"L"},{"x":311,"y":11,"cmd":"L"},{"x":312,"y":11,"cmd":"L"},{"x":313.09,"y":10.73,"cmd":"L"},{"x":314.05,"y":10.55,"cmd":"L"},{"x":316.33,"y":9.37,"cmd":"L"},{"x":318.33,"y":8.36,"cmd":"L"},{"x":320.32,"y":7.35,"cmd":"L"},{"x":323.23,"y":6.15,"cmd":"L"},{"x":326.19,"y":5.05,"cmd":"L"},{"x":329.17,"y":4,"cmd":"L"},{"x":334.2,"y":2.07,"cmd":"L"},{"x":336.25,"y":1.19,"cmd":"L"},{"x":338.09,"y":0.73,"cmd":"L"},{"x":340.03,"y":0.44,"cmd":"L"},{"x":341.02,"y":0.33,"cmd":"L"},{"x":342.01,"y":0.25,"cmd":"L"},{"x":343.01,"y":0.19,"cmd":"L"},{"x":345,"y":0.11,"cmd":"L"},{"x":346,"y":0.08,"cmd":"L"},{"x":347,"y":0.06,"cmd":"L"},{"x":348,"y":0.05,"cmd":"L"},{"x":350,"y":0.03,"cmd":"L"},{"x":352,"y":0.02,"cmd":"L"},{"x":354,"y":0.01,"cmd":"L"},{"x":355,"y":0.01,"cmd":"L"},{"x":356,"y":0.01,"cmd":"L"},{"x":357,"y":0,"cmd":"L"},{"x":358,"y":0,"cmd":"L"},{"x":359,"y":0,"cmd":"L"},{"x":360,"y":0,"cmd":"L"},{"x":361,"y":0,"cmd":"L"},{"x":363,"y":0,"cmd":"L"},{"x":364,"y":0,"cmd":"L"},{"x":366,"y":0,"cmd":"L"},{"x":367,"y":0,"cmd":"L"},{"x":368,"y":0,"cmd":"L"},{"x":369,"y":0,"cmd":"L"},{"x":370,"y":0,"cmd":"L"},{"x":373,"y":0,"cmd":"L"},{"x":374,"y":0,"cmd":"L"},{"x":376,"y":0,"cmd":"L"},{"x":382,"y":0,"cmd":"L"},{"x":383,"y":0,"cmd":"L"}],"parentId":"Top","idx":6},{"type":"clipart","searchTerm":"","src":"#asset-4012358f1380b2572b78089b6cdca401","bbox":{"x":309.4179094088662,"y":328.3710344088663,"width":404,"height":404,"rotation":0,"scale":{"x":0.7446628944087466,"y":0.7446628944087466},"skew":{"x":0,"y":0},"anchor":{"x":0,"y":0}},"blend":"normal","name":"image.png","id":"a1b9aea9-46a7-4646-ad24-d7b4dd4a8f16","seed":1606020975,"parentId":"Top","idx":7}]}